"id","email","name"
"1","birgittaberg@yahoo.com","Birgitta Berg"
"2","helena.hansson@aol.com","Helena Hansson"
"3","peter.persson@outlook.com","Peter Persson"
"4","eandersson@aol.com","Erik Andersson"
"5","marie.olsson@zoho.com","Marie Olsson"
"6","marielundberg65@outlook.com","Marie Lundberg"
"7","hlundberg@yandex.com","Hans Lundberg"
"8","annalindström55@zoho.com","Anna Lindström"
"9","iandersson@yahoo.com","Ingrid Andersson"
"10","jan_lundqvist@outlook.com","Jan Lundqvist"
"11","eva.johansson@mail.com","Eva Johansson"
"12","elisabethlundqvist80@hotmail.com","Elisabeth Lundqvist"
"13","mandersson@protonmail.com","Maria Andersson"
"14","jpettersson@zoho.com","Jan Pettersson"
"15","sofia.lind@zoho.com","Sofia Lind"
"16","kristina_olofsson@hotmail.com","Kristina Olofsson"
"17","plindgren@protonmail.com","Per Lindgren"
"18","kerstin.jonsson@mail.com","Kerstin Jonsson"
"19","matsbergström@gmail.com","Mats Bergström"
"20","ingrid_lindqvist@aol.com","Ingrid Lindqvist"
"21","annaolofsson@gmail.com","Anna Olofsson"
"22","erik_karlsson@yahoo.com","Erik Karlsson"
"23","kristina.jansson@icloud.com","Kristina Jansson"
"24","stefan_axelsson@gmail.com","Stefan Axelsson"
"25","emattsson@zoho.com","Eva Mattsson"
"26","thomaskarlsson@aol.com","Thomas Karlsson"
"27","daniel.eriksson@yahoo.com","Daniel Eriksson"
"28","marienilsson43@gmail.com","Marie Nilsson"
"29","thomaslundgren15@yandex.com","Thomas Lundgren"
"30","elisabethjakobsson@icloud.com","Elisabeth Jakobsson"
"31","elundqvist@mail.com","Eva Lundqvist"
"32","hjohansson@protonmail.com","Helena Johansson"
"33","thomaslarsson37@yahoo.com","Thomas Larsson"
"34","alundqvist@outlook.com","Anders Lundqvist"
"35","kerstinpersson@gmail.com","Kerstin Persson"
"36","elisabethbergström89@protonmail.com","Elisabeth Bergström"
"37","dmattsson@icloud.com","Daniel Mattsson"
"38","karin_jakobsson@yahoo.com","Karin Jakobsson"
"39","hansjonsson@mail.com","Hans Jonsson"
"40","annikakarlsson91@hotmail.com","Annika Karlsson"
"41","fgustafsson@aol.com","Fredrik Gustafsson"
"42","per_larsson@yahoo.com","Per Larsson"
"43","lena.svensson@protonmail.com","Lena Svensson"
"44","lsvensson@yahoo.com","Lars Svensson"
"45","mikaellindström@protonmail.com","Mikael Lindström"
"46","jlindberg@mail.com","Jan Lindberg"
"47","msvensson@protonmail.com","Monica Svensson"
"48","pjönsson@yahoo.com","Peter Jönsson"
"49","hans.magnusson@aol.com","Hans Magnusson"
"50","perkarlsson@yandex.com","Per Karlsson"
"51","stefan.bergström@hotmail.com","Stefan Bergström"
"52","mats_lindgren@zoho.com","Mats Lindgren"
"53","thomaslundin@hotmail.com","Thomas Lundin"
"54","sjönsson@hotmail.com","Sofia Jönsson"
"55","daniel.lundqvist@yandex.com","Daniel Lundqvist"
"56","elindberg@mail.com","Elisabeth Lindberg"
"57","daniel.olofsson@hotmail.com","Daniel Olofsson"
"58","hanssvensson@hotmail.com","Hans Svensson"
"59","mbergström@icloud.com","Marie Bergström"
"60","monicajönsson18@zoho.com","Monica Jönsson"
"61","ebergström@gmail.com","Eva Bergström"
"62","lars_karlsson@outlook.com","Lars Karlsson"
"63","peter_lindqvist@mail.com","Peter Lindqvist"
"64","helena_olsson@outlook.com","Helena Olsson"
"65","dlarsson@gmail.com","Daniel Larsson"
"66","kristina_gustafsson@protonmail.com","Kristina Gustafsson"
"67","evalindgren24@aol.com","Eva Lindgren"
"68","stefanolofsson37@outlook.com","Stefan Olofsson"
"69","elundin@hotmail.com","Eva Lundin"
"70","daniellindgren@icloud.com","Daniel Lindgren"
"71","kerstin.hansson@protonmail.com","Kerstin Hansson"
"72","anderslundin@icloud.com","Anders Lundin"
"73","lena_johansson@hotmail.com","Lena Johansson"
"74","andreas.bergström@protonmail.com","Andreas Bergström"
"75","karingustafsson@zoho.com","Karin Gustafsson"
"76","kmattsson@mail.com","Kristina Mattsson"
"77","kerstinberg13@aol.com","Kerstin Berg"
"78","slundin@gmail.com","Sofia Lundin"
"79","sbengtsson@icloud.com","Sofia Bengtsson"
"80","andreas_gustafsson@icloud.com","Andreas Gustafsson"
"81","apersson@outlook.com","Andreas Persson"
"82","alind@icloud.com","Anders Lind"
"83","ibergström@aol.com","Ingrid Bergström"
"84","mbergström@yahoo.com","Maria Bergström"
"85","ingrid_magnusson@yandex.com","Ingrid Magnusson"
"86","danieljohansson35@mail.com","Daniel Johansson"
"87","kristinajohansson@hotmail.com","Kristina Johansson"
"88","birgitta_eriksson@yahoo.com","Birgitta Eriksson"
"89","monicaeriksson33@protonmail.com","Monica Eriksson"
"90","marialindqvist@protonmail.com","Maria Lindqvist"
"91","mikaelhansson@aol.com","Mikael Hansson"
"92","abengtsson@yandex.com","Andreas Bengtsson"
"93","annikalundin28@aol.com","Annika Lundin"
"94","ingridmattsson@icloud.com","Ingrid Mattsson"
"95","ljönsson@zoho.com","Lena Jönsson"
"96","lars.pettersson@mail.com","Lars Pettersson"
"97","ilarsson@zoho.com","Ingrid Larsson"
"98","kbergström@protonmail.com","Kristina Bergström"
"99","maxelsson@gmail.com","Monica Axelsson"
"100","kerstin.lundberg@mail.com","Kerstin Lundberg"
