id,name,email
1,"Charlotte Brown","charlotte.brown48@icloud.com"
2,"Charlotte Garcia","charlotte.garcia5@mail.com"
3,"Logan Wilson","logan.wilson82@outlook.com"
4,"Harper Gonzalez","harper.gonzalez76@outlook.com"
5,"Harper Hernandez","harper.hernandez43@yandex.com"
6,"Emma Brown","emma.brown26@hotmail.com"
7,"Noah Johnson","noah.johnson30@mail.com"
8,"James Miller","james.miller30@protonmail.com"
9,"Charlotte Garcia","charlotte.garcia17@zoho.com"
10,"Amelia Wilson","amelia.wilson13@icloud.com"
11,"Logan Garcia","logan.garcia23@zoho.com"
12,"Lucas Anderson","lucas.anderson7@aol.com"
13,"Mason Brown","mason.brown93@gmail.com"
14,"Evelyn Taylor","evelyn.taylor60@gmail.com"
15,"Benjamin Martin","benjamin.martin61@hotmail.com"
16,"Mason Martin","mason.martin52@yahoo.com"
17,"Mia Anderson","mia.anderson98@yandex.com"
18,"Lucas Martin","lucas.martin90@yahoo.com"
19,"Benjamin Martinez","benjamin.martinez73@hotmail.com"
20,"Sophia Smith","sophia.smith25@hotmail.com"
21,"Emma Anderson","emma.anderson3@outlook.com"
22,"James Wilson","james.wilson9@icloud.com"
23,"Evelyn Martin","evelyn.martin47@protonmail.com"
24,"Noah Thomas","noah.thomas59@hotmail.com"
25,"Oliver Taylor","oliver.taylor76@mail.com"
26,"Charlotte Smith","charlotte.smith32@yandex.com"
27,"Noah Lopez","noah.lopez9@protonmail.com"
28,"Lucas Williams","lucas.williams46@icloud.com"
29,"Mason Lopez","mason.lopez31@gmail.com"
30,"Sophia Thomas","sophia.thomas6@yandex.com"
31,"Sophia Rodriguez","sophia.rodriguez58@hotmail.com"
32,"Amelia Gonzalez","amelia.gonzalez22@hotmail.com"
33,"Benjamin Williams","benjamin.williams52@outlook.com"
34,"Evelyn Gonzalez","evelyn.gonzalez72@mail.com"
35,"William Williams","william.williams27@hotmail.com"
36,"Benjamin Davis","benjamin.davis21@hotmail.com"
37,"Ava Brown","ava.brown78@hotmail.com"
38,"James Johnson","james.johnson30@aol.com"
39,"Liam Thomas","liam.thomas81@yandex.com"
40,"Emma Lopez","emma.lopez42@yahoo.com"
41,"Ava Taylor","ava.taylor40@gmail.com"
42,"William Hernandez","william.hernandez30@yandex.com"
43,"Oliver Lopez","oliver.lopez24@icloud.com"
44,"Liam Rodriguez","liam.rodriguez6@yahoo.com"
45,"Amelia Taylor","amelia.taylor29@outlook.com"
46,"Sophia Martinez","sophia.martinez10@yandex.com"
47,"Mia Garcia","mia.garcia36@aol.com"
48,"Amelia Lopez","amelia.lopez98@hotmail.com"
49,"Sophia Jackson","sophia.jackson66@yandex.com"
50,"Oliver Brown","oliver.brown93@icloud.com"
51,"Oliver Rodriguez","oliver.rodriguez78@mail.com"
52,"Oliver Moore","oliver.moore22@yahoo.com"
53,"Mia Smith","mia.smith50@hotmail.com"
54,"Isabella Rodriguez","isabella.rodriguez94@aol.com"
55,"Logan Lopez","logan.lopez83@hotmail.com"
56,"Lucas Johnson","lucas.johnson11@hotmail.com"
57,"Benjamin Wilson","benjamin.wilson16@hotmail.com"
58,"Mia Davis","mia.davis5@zoho.com"
59,"Evelyn Davis","evelyn.davis66@yandex.com"
60,"James Hernandez","james.hernandez53@gmail.com"
61,"Sophia Miller","sophia.miller31@gmail.com"
62,"Isabella Johnson","isabella.johnson41@yahoo.com"
63,"Charlotte Thomas","charlotte.thomas93@aol.com"
64,"Liam Garcia","liam.garcia53@aol.com"
65,"Logan Martin","logan.martin15@yahoo.com"
66,"Evelyn Martinez","evelyn.martinez60@protonmail.com"
67,"Ava Davis","ava.davis65@zoho.com"
68,"Logan Miller","logan.miller94@gmail.com"
69,"Isabella Lopez","isabella.lopez10@yandex.com"
70,"Sophia Miller","sophia.miller43@outlook.com"
71,"James Martin","james.martin52@zoho.com"
72,"Charlotte Miller","charlotte.miller19@mail.com"
73,"William Hernandez","william.hernandez40@mail.com"
74,"Logan Williams","logan.williams7@zoho.com"
75,"Noah Thomas","noah.thomas41@hotmail.com"
76,"James Martinez","james.martinez34@protonmail.com"
77,"Emma Martinez","emma.martinez13@hotmail.com"
78,"Sophia Gonzalez","sophia.gonzalez65@mail.com"
79,"Ava Anderson","ava.anderson43@icloud.com"
80,"Lucas Wilson","lucas.wilson5@gmail.com"
81,"James Garcia","james.garcia94@yandex.com"
82,"Isabella Jackson","isabella.jackson29@yahoo.com"
83,"Sophia Williams","sophia.williams48@hotmail.com"
84,"Liam Moore","liam.moore36@protonmail.com"
85,"Mason Wilson","mason.wilson71@protonmail.com"
86,"Oliver Anderson","oliver.anderson7@protonmail.com"
87,"Elijah Rodriguez","elijah.rodriguez42@hotmail.com"
88,"Logan Jackson","logan.jackson24@zoho.com"
89,"Liam Taylor","liam.taylor60@yandex.com"
90,"Sophia Gonzalez","sophia.gonzalez7@outlook.com"
91,"Noah Moore","noah.moore80@outlook.com"
92,"Harper Jones","harper.jones65@protonmail.com"
93,"Harper Smith","harper.smith95@yahoo.com"
94,"Evelyn Johnson","evelyn.johnson52@protonmail.com"
95,"Oliver Anderson","oliver.anderson65@mail.com"
96,"Olivia Gonzalez","olivia.gonzalez52@aol.com"
97,"Olivia Davis","olivia.davis92@aol.com"
98,"Lucas Johnson","lucas.johnson32@gmail.com"
99,"Isabella Martinez","isabella.martinez55@protonmail.com"
100,"Mason Miller","mason.miller92@gmail.com"
101,"Benjamin Moore","benjamin.moore47@hotmail.com"
102,"Evelyn Wilson","evelyn.wilson68@yahoo.com"
103,"Charlotte Williams","charlotte.williams20@yahoo.com"
104,"Mason Rodriguez","mason.rodriguez8@icloud.com"
105,"Isabella Davis","isabella.davis13@gmail.com"
106,"Oliver Rodriguez","oliver.rodriguez93@aol.com"
107,"Mia Thomas","mia.thomas47@mail.com"
108,"Mia Wilson","mia.wilson54@yandex.com"
109,"Elijah Rodriguez","elijah.rodriguez86@yandex.com"
110,"Logan Johnson","logan.johnson4@gmail.com"
111,"Mia Jackson","mia.jackson91@aol.com"
112,"Mia Jackson","mia.jackson52@yahoo.com"
113,"Liam Williams","liam.williams30@mail.com"
114,"Emma Jackson","emma.jackson97@zoho.com"
115,"Ava Johnson","ava.johnson38@aol.com"
116,"Liam Davis","liam.davis59@yandex.com"
117,"Isabella Moore","isabella.moore43@icloud.com"
118,"Logan Miller","logan.miller44@zoho.com"
119,"Mason Taylor","mason.taylor6@icloud.com"
120,"Emma Garcia","emma.garcia25@protonmail.com"
121,"Mason Jackson","mason.jackson65@mail.com"
122,"Charlotte Davis","charlotte.davis86@icloud.com"
123,"Harper Johnson","harper.johnson90@zoho.com"
124,"Mia Jones","mia.jones13@yahoo.com"
125,"Mia Jones","mia.jones16@hotmail.com"
126,"Benjamin Taylor","benjamin.taylor91@hotmail.com"
127,"Charlotte Hernandez","charlotte.hernandez78@aol.com"
128,"Ava Anderson","ava.anderson19@hotmail.com"
129,"Mia Anderson","mia.anderson21@zoho.com"
130,"William Lopez","william.lopez88@aol.com"
131,"Isabella Anderson","isabella.anderson25@yahoo.com"
132,"Elijah Hernandez","elijah.hernandez67@mail.com"
133,"Evelyn Williams","evelyn.williams64@icloud.com"
134,"Olivia Hernandez","olivia.hernandez26@aol.com"
135,"Charlotte Thomas","charlotte.thomas13@yahoo.com"
136,"Emma Johnson","emma.johnson9@icloud.com"
137,"Charlotte Miller","charlotte.miller74@zoho.com"
138,"Isabella Garcia","isabella.garcia48@gmail.com"
139,"Benjamin Taylor","benjamin.taylor18@outlook.com"
140,"Mia Davis","mia.davis91@zoho.com"
141,"Isabella Martinez","isabella.martinez11@mail.com"
142,"Mason Wilson","mason.wilson88@zoho.com"
143,"Mason Gonzalez","mason.gonzalez64@outlook.com"
144,"Lucas Martinez","lucas.martinez44@yandex.com"
145,"Mia Williams","mia.williams63@icloud.com"
146,"Harper Hernandez","harper.hernandez50@yahoo.com"
147,"Mia Jones","mia.jones56@hotmail.com"
148,"Sophia Brown","sophia.brown77@aol.com"
149,"Lucas Brown","lucas.brown72@icloud.com"
150,"Olivia Wilson","olivia.wilson82@yandex.com"
151,"Sophia Martin","sophia.martin43@hotmail.com"
152,"William Thomas","william.thomas35@mail.com"
153,"Evelyn Williams","evelyn.williams6@yandex.com"
154,"Noah Martinez","noah.martinez73@yahoo.com"
155,"Benjamin Rodriguez","benjamin.rodriguez73@aol.com"
156,"Logan Rodriguez","logan.rodriguez22@outlook.com"
157,"Mason Davis","mason.davis53@gmail.com"
158,"Liam Moore","liam.moore51@mail.com"
159,"Logan Williams","logan.williams78@hotmail.com"
160,"Mia Lopez","mia.lopez59@mail.com"
161,"Sophia Martin","sophia.martin90@mail.com"
162,"James Davis","james.davis33@yandex.com"
163,"Isabella Jackson","isabella.jackson72@gmail.com"
164,"Charlotte Taylor","charlotte.taylor18@zoho.com"
165,"Ava Martinez","ava.martinez21@aol.com"
166,"Logan Miller","logan.miller80@yandex.com"
167,"Evelyn Davis","evelyn.davis70@yandex.com"
168,"James Smith","james.smith55@yahoo.com"
169,"Charlotte Brown","charlotte.brown11@outlook.com"
170,"Isabella Rodriguez","isabella.rodriguez23@yahoo.com"
171,"Isabella Johnson","isabella.johnson89@yandex.com"
172,"Sophia Lopez","sophia.lopez92@gmail.com"
173,"Liam Garcia","liam.garcia28@yahoo.com"
174,"James Gonzalez","james.gonzalez24@icloud.com"
175,"Harper Rodriguez","harper.rodriguez13@mail.com"
176,"Lucas Davis","lucas.davis32@zoho.com"
177,"Oliver Rodriguez","oliver.rodriguez81@gmail.com"
178,"Harper Taylor","harper.taylor59@mail.com"
179,"Oliver Garcia","oliver.garcia7@icloud.com"
180,"Elijah Hernandez","elijah.hernandez61@yahoo.com"
181,"Lucas Thomas","lucas.thomas42@yandex.com"
182,"William Jackson","william.jackson8@protonmail.com"
183,"Emma Jones","emma.jones4@aol.com"
184,"Elijah Rodriguez","elijah.rodriguez90@mail.com"
185,"Amelia Wilson","amelia.wilson28@mail.com"
186,"Mason Anderson","mason.anderson48@gmail.com"
187,"Logan Williams","logan.williams88@yandex.com"
188,"Evelyn Martinez","evelyn.martinez96@icloud.com"
189,"Harper Taylor","harper.taylor3@yahoo.com"
190,"Oliver Moore","oliver.moore39@zoho.com"
191,"Ava Martin","ava.martin12@hotmail.com"
192,"Benjamin Hernandez","benjamin.hernandez64@protonmail.com"
193,"Logan Hernandez","logan.hernandez84@yahoo.com"
194,"Charlotte Thomas","charlotte.thomas67@zoho.com"
195,"Oliver Smith","oliver.smith67@yandex.com"
196,"William Taylor","william.taylor49@protonmail.com"
197,"Charlotte Lopez","charlotte.lopez99@yandex.com"
198,"Emma Martinez","emma.martinez18@protonmail.com"
199,"Olivia Williams","olivia.williams43@icloud.com"
200,"James Williams","james.williams30@protonmail.com"
201,"William Lopez","william.lopez29@protonmail.com"
202,"Elijah Hernandez","elijah.hernandez91@outlook.com"
203,"Harper Brown","harper.brown60@yahoo.com"
204,"Noah Anderson","noah.anderson26@aol.com"
205,"Olivia Thomas","olivia.thomas6@icloud.com"
206,"Mason Wilson","mason.wilson1@hotmail.com"
207,"Lucas Lopez","lucas.lopez15@yahoo.com"
208,"Isabella Lopez","isabella.lopez97@mail.com"
209,"Emma Martinez","emma.martinez59@mail.com"
210,"Liam Smith","liam.smith1@yahoo.com"
211,"Emma Gonzalez","emma.gonzalez91@aol.com"
212,"William Rodriguez","william.rodriguez80@yandex.com"
213,"Ava Williams","ava.williams8@gmail.com"
214,"Amelia Jackson","amelia.jackson91@aol.com"
215,"Elijah Gonzalez","elijah.gonzalez74@hotmail.com"
216,"Benjamin Lopez","benjamin.lopez16@icloud.com"
217,"Sophia Hernandez","sophia.hernandez50@gmail.com"
218,"James Moore","james.moore80@yandex.com"
219,"Oliver Miller","oliver.miller84@protonmail.com"
220,"Mason Moore","mason.moore26@icloud.com"
221,"Noah Martin","noah.martin85@outlook.com"
222,"Evelyn Brown","evelyn.brown56@aol.com"
223,"Sophia Jones","sophia.jones22@outlook.com"
224,"Oliver Brown","oliver.brown92@outlook.com"
225,"Ava Rodriguez","ava.rodriguez78@yahoo.com"
226,"Mason Jones","mason.jones45@zoho.com"
227,"Olivia Johnson","olivia.johnson55@yandex.com"
228,"Benjamin Lopez","benjamin.lopez65@protonmail.com"
229,"Mason Lopez","mason.lopez62@gmail.com"
230,"Evelyn Williams","evelyn.williams29@hotmail.com"
231,"Noah Davis","noah.davis41@aol.com"
232,"Emma Hernandez","emma.hernandez5@protonmail.com"
233,"Evelyn Hernandez","evelyn.hernandez60@icloud.com"
234,"Harper Jackson","harper.jackson19@mail.com"
235,"Liam Garcia","liam.garcia36@yahoo.com"
236,"Isabella Gonzalez","isabella.gonzalez40@gmail.com"
237,"Amelia Rodriguez","amelia.rodriguez45@icloud.com"
238,"Emma Martinez","emma.martinez10@yandex.com"
239,"James Wilson","james.wilson69@outlook.com"
240,"Olivia Jackson","olivia.jackson18@aol.com"
241,"James Jones","james.jones82@hotmail.com"
242,"Mia Davis","mia.davis75@aol.com"
243,"Amelia Hernandez","amelia.hernandez59@aol.com"
244,"Elijah Smith","elijah.smith89@yahoo.com"
245,"Oliver Taylor","oliver.taylor15@zoho.com"
246,"Emma Rodriguez","emma.rodriguez62@icloud.com"
247,"Sophia Anderson","sophia.anderson76@yandex.com"
248,"Isabella Rodriguez","isabella.rodriguez20@zoho.com"
249,"Ava Williams","ava.williams65@yahoo.com"
250,"Liam Williams","liam.williams92@mail.com"
251,"Harper Smith","harper.smith92@mail.com"
252,"Emma Taylor","emma.taylor36@hotmail.com"
253,"Noah Anderson","noah.anderson48@aol.com"
254,"Elijah Jones","elijah.jones18@outlook.com"
255,"Harper Miller","harper.miller56@icloud.com"
256,"Isabella Thomas","isabella.thomas42@protonmail.com"
257,"Evelyn Johnson","evelyn.johnson57@yandex.com"
258,"Mason Gonzalez","mason.gonzalez19@outlook.com"
259,"Isabella Taylor","isabella.taylor56@protonmail.com"
260,"Mia Smith","mia.smith86@zoho.com"
261,"Isabella Williams","isabella.williams48@yahoo.com"
262,"Ava Johnson","ava.johnson69@aol.com"
263,"William Williams","william.williams92@yandex.com"
264,"Mason Jones","mason.jones5@gmail.com"
265,"Olivia Brown","olivia.brown55@hotmail.com"
266,"Ava Wilson","ava.wilson44@hotmail.com"
267,"Olivia Smith","olivia.smith45@gmail.com"
268,"William Davis","william.davis42@gmail.com"
269,"Mia Gonzalez","mia.gonzalez20@yandex.com"
270,"Lucas Davis","lucas.davis24@yahoo.com"
271,"Ava Martinez","ava.martinez3@aol.com"
272,"Isabella Thomas","isabella.thomas52@yandex.com"
273,"Elijah Williams","elijah.williams77@icloud.com"
274,"Ava Smith","ava.smith38@zoho.com"
275,"Amelia Jackson","amelia.jackson64@zoho.com"
276,"Mia Lopez","mia.lopez89@outlook.com"
277,"Sophia Gonzalez","sophia.gonzalez30@icloud.com"
278,"Oliver Martinez","oliver.martinez42@mail.com"
279,"Olivia Brown","olivia.brown79@protonmail.com"
280,"James Smith","james.smith48@outlook.com"
281,"Lucas Martinez","lucas.martinez88@protonmail.com"
282,"Isabella Jackson","isabella.jackson45@icloud.com"
283,"Noah Martinez","noah.martinez89@outlook.com"
284,"Harper Wilson","harper.wilson95@protonmail.com"
285,"Amelia Miller","amelia.miller76@yahoo.com"
286,"Isabella Taylor","isabella.taylor36@gmail.com"
287,"Noah Smith","noah.smith59@zoho.com"
288,"Mason Anderson","mason.anderson76@aol.com"
289,"Ava Brown","ava.brown97@yandex.com"
290,"Benjamin Martin","benjamin.martin54@zoho.com"
291,"Elijah Martinez","elijah.martinez68@icloud.com"
292,"Lucas Smith","lucas.smith75@hotmail.com"
293,"Logan Martin","logan.martin88@outlook.com"
294,"Noah Martin","noah.martin1@zoho.com"
295,"Elijah Smith","elijah.smith83@yandex.com"
296,"Evelyn Hernandez","evelyn.hernandez97@outlook.com"
297,"Ava Thomas","ava.thomas98@mail.com"
298,"Evelyn Hernandez","evelyn.hernandez53@icloud.com"
299,"Lucas Miller","lucas.miller70@hotmail.com"
300,"Elijah Jackson","elijah.jackson38@zoho.com"
301,"Mason Johnson","mason.johnson95@outlook.com"
302,"Logan Brown","logan.brown26@protonmail.com"
303,"Liam Thomas","liam.thomas22@hotmail.com"
304,"Noah Davis","noah.davis14@yahoo.com"
305,"Logan Jackson","logan.jackson24@outlook.com"
306,"Logan Jones","logan.jones69@outlook.com"
307,"Benjamin Garcia","benjamin.garcia13@outlook.com"
308,"William Taylor","william.taylor79@icloud.com"
309,"Harper Hernandez","harper.hernandez10@gmail.com"
310,"Sophia Smith","sophia.smith18@hotmail.com"
311,"Evelyn Jackson","evelyn.jackson82@outlook.com"
312,"Elijah Anderson","elijah.anderson72@outlook.com"
313,"Elijah Johnson","elijah.johnson64@yandex.com"
314,"Isabella Moore","isabella.moore59@mail.com"
315,"James Garcia","james.garcia86@outlook.com"
316,"Ava Martinez","ava.martinez2@protonmail.com"
317,"Benjamin Moore","benjamin.moore31@yahoo.com"
318,"Evelyn Wilson","evelyn.wilson42@outlook.com"
319,"Sophia Taylor","sophia.taylor34@gmail.com"
320,"Charlotte Brown","charlotte.brown98@zoho.com"
321,"Evelyn Moore","evelyn.moore32@hotmail.com"
322,"Olivia Rodriguez","olivia.rodriguez10@yahoo.com"
323,"Charlotte Moore","charlotte.moore70@gmail.com"
324,"Amelia Miller","amelia.miller21@aol.com"
325,"Emma Davis","emma.davis88@outlook.com"
326,"Mia Brown","mia.brown14@gmail.com"
327,"Mason Smith","mason.smith74@outlook.com"
328,"Amelia Wilson","amelia.wilson57@mail.com"
329,"Oliver Garcia","oliver.garcia94@gmail.com"
330,"James Hernandez","james.hernandez10@icloud.com"
331,"Liam Davis","liam.davis67@hotmail.com"
332,"Evelyn Lopez","evelyn.lopez89@mail.com"
333,"Harper Anderson","harper.anderson63@mail.com"
334,"Logan Anderson","logan.anderson33@gmail.com"
335,"Noah Smith","noah.smith14@aol.com"
336,"Charlotte Garcia","charlotte.garcia97@icloud.com"
337,"Harper Wilson","harper.wilson9@yandex.com"
338,"Mia Thomas","mia.thomas65@aol.com"
339,"Mia Jackson","mia.jackson15@aol.com"
340,"Mason Lopez","mason.lopez53@yandex.com"
341,"Sophia Brown","sophia.brown90@gmail.com"
342,"Logan Williams","logan.williams11@gmail.com"
343,"Noah Rodriguez","noah.rodriguez34@gmail.com"
344,"Noah Lopez","noah.lopez21@zoho.com"
345,"Logan Johnson","logan.johnson16@zoho.com"
346,"Harper Jackson","harper.jackson92@yahoo.com"
347,"James Thomas","james.thomas44@yandex.com"
348,"Benjamin Brown","benjamin.brown62@mail.com"
349,"James Martin","james.martin68@gmail.com"
350,"Mason Hernandez","mason.hernandez69@aol.com"
351,"Charlotte Williams","charlotte.williams86@gmail.com"
352,"Elijah Hernandez","elijah.hernandez37@hotmail.com"
353,"Oliver Martinez","oliver.martinez49@icloud.com"
354,"Elijah Smith","elijah.smith66@icloud.com"
355,"Liam Rodriguez","liam.rodriguez16@protonmail.com"
356,"Charlotte Davis","charlotte.davis55@aol.com"
357,"Emma Wilson","emma.wilson88@aol.com"
358,"William Miller","william.miller51@yahoo.com"
359,"Harper Thomas","harper.thomas38@outlook.com"
360,"Logan Davis","logan.davis50@zoho.com"
361,"Amelia Moore","amelia.moore34@gmail.com"
362,"Charlotte Smith","charlotte.smith25@gmail.com"
363,"Harper Hernandez","harper.hernandez9@hotmail.com"
364,"Oliver Hernandez","oliver.hernandez57@yahoo.com"
365,"Ava Wilson","ava.wilson56@icloud.com"
366,"Emma Jones","emma.jones68@mail.com"
367,"Oliver Rodriguez","oliver.rodriguez90@outlook.com"
368,"Liam Jackson","liam.jackson52@zoho.com"
369,"Olivia Jackson","olivia.jackson69@aol.com"
370,"Oliver Davis","oliver.davis97@zoho.com"
371,"Emma Jackson","emma.jackson37@yandex.com"
372,"Benjamin Moore","benjamin.moore99@gmail.com"
373,"Mason Lopez","mason.lopez47@yahoo.com"
374,"Liam Anderson","liam.anderson68@hotmail.com"
375,"Ava Gonzalez","ava.gonzalez78@zoho.com"
376,"Harper Williams","harper.williams90@outlook.com"
377,"Amelia Miller","amelia.miller97@outlook.com"
378,"William Martinez","william.martinez19@mail.com"
379,"Emma Davis","emma.davis62@icloud.com"
380,"Olivia Taylor","olivia.taylor7@yahoo.com"
381,"Benjamin Lopez","benjamin.lopez68@hotmail.com"
382,"Emma Garcia","emma.garcia73@mail.com"
383,"James Brown","james.brown26@mail.com"
384,"Oliver Gonzalez","oliver.gonzalez17@outlook.com"
385,"Oliver Brown","oliver.brown86@gmail.com"
386,"Isabella Anderson","isabella.anderson98@yahoo.com"
387,"William Martinez","william.martinez46@aol.com"
388,"William Anderson","william.anderson85@hotmail.com"
389,"Charlotte Williams","charlotte.williams73@icloud.com"
390,"Charlotte Taylor","charlotte.taylor88@hotmail.com"
391,"Harper Johnson","harper.johnson18@aol.com"
392,"Evelyn Rodriguez","evelyn.rodriguez56@aol.com"
393,"Sophia Gonzalez","sophia.gonzalez31@aol.com"
394,"William Garcia","william.garcia43@mail.com"
395,"Noah Rodriguez","noah.rodriguez40@yahoo.com"
396,"Ava Jones","ava.jones18@yandex.com"
397,"Amelia Miller","amelia.miller41@icloud.com"
398,"William Smith","william.smith99@outlook.com"
399,"Ava Anderson","ava.anderson51@gmail.com"
400,"Sophia Wilson","sophia.wilson20@aol.com"
401,"Harper Martinez","harper.martinez98@aol.com"
402,"Mason Davis","mason.davis98@aol.com"
403,"Olivia Taylor","olivia.taylor4@yahoo.com"
404,"Olivia Hernandez","olivia.hernandez22@mail.com"
405,"Liam Garcia","liam.garcia40@aol.com"
406,"James Johnson","james.johnson26@hotmail.com"
407,"Evelyn Williams","evelyn.williams47@outlook.com"
408,"Liam Rodriguez","liam.rodriguez88@yahoo.com"
409,"Liam Lopez","liam.lopez38@zoho.com"
410,"Mia Martin","mia.martin6@outlook.com"
411,"Benjamin Hernandez","benjamin.hernandez89@outlook.com"
412,"Harper Davis","harper.davis76@mail.com"
413,"Logan Jackson","logan.jackson62@yandex.com"
414,"Ava Miller","ava.miller57@icloud.com"
415,"Amelia Williams","amelia.williams79@hotmail.com"
416,"James Moore","james.moore33@yandex.com"
417,"Liam Gonzalez","liam.gonzalez43@yahoo.com"
418,"James Davis","james.davis3@outlook.com"
419,"Benjamin Johnson","benjamin.johnson85@aol.com"
420,"Emma Gonzalez","emma.gonzalez76@protonmail.com"
421,"Elijah Martinez","elijah.martinez11@zoho.com"
422,"Sophia Jones","sophia.jones58@yahoo.com"
423,"Ava Moore","ava.moore83@protonmail.com"
424,"Benjamin Martin","benjamin.martin98@icloud.com"
425,"Olivia Miller","olivia.miller89@icloud.com"
426,"Emma Smith","emma.smith6@aol.com"
427,"Noah Rodriguez","noah.rodriguez23@aol.com"
428,"Emma Garcia","emma.garcia43@mail.com"
429,"Mason Hernandez","mason.hernandez75@aol.com"
430,"Elijah Jackson","elijah.jackson56@yahoo.com"
431,"Elijah Hernandez","elijah.hernandez76@icloud.com"
432,"Olivia Davis","olivia.davis48@outlook.com"
433,"Evelyn Taylor","evelyn.taylor52@aol.com"
434,"Liam Garcia","liam.garcia39@yandex.com"
435,"Amelia Wilson","amelia.wilson51@protonmail.com"
436,"Lucas Moore","lucas.moore5@gmail.com"
437,"William Martinez","william.martinez74@protonmail.com"
438,"Charlotte Williams","charlotte.williams93@icloud.com"
439,"Isabella Brown","isabella.brown24@yandex.com"
440,"James Wilson","james.wilson98@zoho.com"
441,"Sophia Hernandez","sophia.hernandez8@protonmail.com"
442,"James Jones","james.jones85@outlook.com"
443,"Elijah Lopez","elijah.lopez21@hotmail.com"
444,"Evelyn Martinez","evelyn.martinez93@protonmail.com"
445,"Sophia Martin","sophia.martin12@zoho.com"
446,"Ava Jackson","ava.jackson5@outlook.com"
447,"Mason Jones","mason.jones24@icloud.com"
448,"Evelyn Rodriguez","evelyn.rodriguez77@gmail.com"
449,"Olivia Rodriguez","olivia.rodriguez29@icloud.com"
450,"Benjamin Williams","benjamin.williams29@outlook.com"
451,"Evelyn Thomas","evelyn.thomas40@hotmail.com"
452,"Noah Rodriguez","noah.rodriguez64@yahoo.com"
453,"William Lopez","william.lopez9@zoho.com"
454,"Isabella Williams","isabella.williams25@yahoo.com"
455,"Emma Lopez","emma.lopez73@yandex.com"
456,"William Garcia","william.garcia69@yandex.com"
457,"Evelyn Hernandez","evelyn.hernandez91@protonmail.com"
458,"Harper Hernandez","harper.hernandez46@hotmail.com"
459,"James Martin","james.martin46@icloud.com"
460,"Mason Davis","mason.davis29@yahoo.com"
461,"Evelyn Gonzalez","evelyn.gonzalez57@hotmail.com"
462,"Olivia Taylor","olivia.taylor4@protonmail.com"
463,"Charlotte Wilson","charlotte.wilson85@gmail.com"
464,"Lucas Martin","lucas.martin21@icloud.com"
465,"Mason Jones","mason.jones38@yahoo.com"
466,"Olivia Martinez","olivia.martinez5@aol.com"
467,"Amelia Martinez","amelia.martinez70@yandex.com"
468,"Amelia Hernandez","amelia.hernandez9@outlook.com"
469,"Oliver Gonzalez","oliver.gonzalez88@yandex.com"
470,"Sophia Wilson","sophia.wilson75@aol.com"
471,"Lucas Thomas","lucas.thomas94@zoho.com"
472,"Liam Martin","liam.martin13@aol.com"
473,"Ava Davis","ava.davis58@gmail.com"
474,"Liam Thomas","liam.thomas85@zoho.com"
475,"Benjamin Lopez","benjamin.lopez44@mail.com"
476,"Oliver Moore","oliver.moore43@protonmail.com"
477,"Charlotte Hernandez","charlotte.hernandez70@outlook.com"
478,"Isabella Taylor","isabella.taylor6@outlook.com"
479,"Elijah Smith","elijah.smith6@gmail.com"
480,"Mia Martinez","mia.martinez26@outlook.com"
481,"James Anderson","james.anderson7@gmail.com"
482,"Amelia Martin","amelia.martin3@yandex.com"
483,"Isabella Martin","isabella.martin56@aol.com"
484,"Elijah Brown","elijah.brown40@zoho.com"
485,"Amelia Davis","amelia.davis67@yahoo.com"
486,"Benjamin Lopez","benjamin.lopez16@yahoo.com"
487,"William Rodriguez","william.rodriguez95@icloud.com"
488,"Evelyn Wilson","evelyn.wilson52@yandex.com"
489,"Olivia Jones","olivia.jones5@gmail.com"
490,"Amelia Hernandez","amelia.hernandez94@aol.com"
491,"Logan Rodriguez","logan.rodriguez70@mail.com"
492,"Olivia Moore","olivia.moore67@outlook.com"
493,"Ava Garcia","ava.garcia23@yandex.com"
494,"Isabella Davis","isabella.davis86@protonmail.com"
495,"Sophia Davis","sophia.davis35@yandex.com"
496,"Liam Hernandez","liam.hernandez38@mail.com"
497,"Amelia Davis","amelia.davis33@mail.com"
498,"Amelia Jones","amelia.jones15@protonmail.com"
499,"Logan Anderson","logan.anderson22@aol.com"
500,"Noah Williams","noah.williams77@hotmail.com"
